Receita_Total,Custo_Total,Lucro_Total
1265793.0395,948121.0129999999,317672.02650000004
